"species","uncontrolled_d91_gap","abx_naive_d91_gap"
"Bifidobacterium longum",0.566812132598139,0.246381069969956
"Escherichia coli",0.780382425431688,0.480794129734036
